"elementsizes","elementsizes2","elementsizes3","errornorms"
1.0,1.0,1.0,0.22611595609747473
0.5,0.25,0.125,0.13817048341496305
0.25,0.0625,0.015625,0.12442379200972348

