"elementsizes","elementsizes2","elementsizes3","errornorms"
1.0,1.0,1.0,0.15890263688343167
0.5,0.25,0.125,0.15079712818141755
0.25,0.0625,0.015625,0.15078752286699373

